{"cameraMode":{"drawMode":0,"name":"Shaded","section":"Shading Mode"},"sceneLighting":true,"audioPlay":false,"sceneViewState":{"showFog":true,"showMaterialUpdate":false,"showSkybox":true,"showFlares":true,"showImageEffects":true,"showParticleSystems":true},"in2DMode":false,"pivot":{"x":-2.1859169006347658,"y":2.509551525115967,"z":0.4937934875488281},"rotation":{"x":-0.0750487819314003,"y":0.9249446392059326,"z":-0.26528072357177737,"w":-0.26167020201683047},"size":6.024745464324951,"orthographic":false}